K,exclus,semcoh,heldout,residual,bound,lbound,em.its
55,9.91413057576717,-128.149136837555,-5.53628660528001,6.45346997354201,-52114297.0375639,-52114128.7101184,119
