K,exclus,semcoh,heldout,residual,bound,lbound,em.its
16,9.66078156589979,-97.3636791483278,-5.75624033993871,7.21395974066296,-53507569.5376928,-53507538.8658327,43
