K,exclus,semcoh,heldout,residual,bound,lbound,em.its
34,9.84904365049962,-114.344911286516,-5.60719450701817,6.76957039909785,-52609911.7516871,-52609823.1708596,94
