K,exclus,semcoh,heldout,residual,bound,lbound,em.its
44,9.88655869942037,-120.020702869888,-5.54475304103137,6.66174998306894,-52291765.773533,-52291640.4562619,135
