K,exclus,semcoh,heldout,residual,bound,lbound,em.its
24,9.78000024368074,-98.7336057383612,-5.64186306359912,7.00905138509855,-52884363.8424671,-52884309.0577377,74
