K,exclus,semcoh,heldout,residual,bound,lbound,em.its
32,9.84456515645669,-110.988558312136,-5.6046018721721,6.70348675467093,-52700383.8268479,-52700302.2688884,76
