K,exclus,semcoh,heldout,residual,bound,lbound,em.its
20,9.73452109247984,-97.3016235484137,-5.69575267233414,7.19826804653162,-53138538.566069,-53138496.2304525,50
