K,exclus,semcoh,heldout,residual,bound,lbound,em.its
30,9.81741901804085,-104.278692963777,-5.61200234534921,6.98687065426372,-52628400.1554476,-52628325.4972113,83
