K,exclus,semcoh,heldout,residual,bound,lbound,em.its
17,9.64156890365177,-91.1504178757861,-5.71753551160616,7.30025098702225,-53362166.4912143,-53362132.9861409,30
