K,exclus,semcoh,heldout,residual,bound,lbound,em.its
22,9.76966619691937,-102.889363771492,-5.65873599959217,7.02070633303788,-53065226.6978509,-53065178.2266696,50
