K,exclus,semcoh,heldout,residual,bound,lbound,em.its
43,9.88146487791121,-120.962451580826,-5.55982041200651,6.59665250468933,-52352041.4276536,-52351919.8945721,96
