K,exclus,semcoh,heldout,residual,bound,lbound,em.its
38,9.84395490328622,-116.129528835541,-5.58206429896613,6.64152424339478,-52452223.2497711,-52452120.2815725,113
