K,exclus,semcoh,heldout,residual,bound,lbound,em.its
27,9.80283536404616,-107.250672681526,-5.62842137005467,6.83386948852162,-52793799.7051597,-52793735.1476211,69
