K,exclus,semcoh,heldout,residual,bound,lbound,em.its
19,9.72003342473845,-99.7912718468427,-5.71389566880888,7.14396045652148,-53271308.2640534,-53271268.9241693,115
