K,exclus,semcoh,heldout,residual,bound,lbound,em.its
15,9.60142728321572,-92.3701767045288,-5.72531611787203,7.30889155912574,-53455299.6685587,-53455271.7692873,21
