K,exclus,semcoh,heldout,residual,bound,lbound,em.its
25,9.790867034,-95.16459994,-5.642790323,6.682992352,-52849162.56,-52849104.56,66
