K,exclus,semcoh,heldout,residual,bound,lbound,em.its
33,9.85007864064351,-111.5845460734,-5.58414338404632,6.79812396773274,-52572436.1425734,-52572351.0881064,146
