K,exclus,semcoh,heldout,residual,bound,lbound,em.its
28,9.81026827309338,-104.498525245763,-5.61879324517254,6.9150154653405,-52694844.698857,-52694776.8091139,87
