K,exclus,semcoh,heldout,residual,bound,lbound,em.its
31,9.81801697827439,-107.931488137654,-5.59929519121459,6.68602815722935,-52667588.1117128,-52667510.0194893,68
