K,exclus,semcoh,heldout,residual,bound,lbound,em.its
18,9.71177995381986,-96.0549242120985,-5.70950272582928,7.17139326913012,-53339265.5785982,-53339229.183153,65
