K,exclus,semcoh,heldout,residual,bound,lbound,em.its
37,9.861527419,-113.5846478,-5.570896861,6.622709978,-52447393.89,-52447294.56,71
