K,exclus,semcoh,heldout,residual,bound,lbound,em.its
29,9.80978988500747,-102.522456206701,-5.61041607642233,6.74515250721341,-52755197.6285611,-52755126.3715221,66
