K,exclus,semcoh,heldout,residual,bound,lbound,em.its
23,9.77044854230557,-98.5873413676525,-5.65169597264398,7.06478119665188,-52952078.9787181,-52952027.3720425,64
