K,exclus,semcoh,heldout,residual,bound,lbound,em.its
36,9.840731994,-117.1531179,-5.584389154,6.705143413,-52581958.68,-52581862.96,93
