K,exclus,semcoh,heldout,residual,bound,lbound,em.its
40,9.87016015936249,-114.852175467356,-5.5699401429327,6.50554459372656,-52456329.1674304,-52456218.8467906,61
