K,exclus,semcoh,heldout,residual,bound,lbound,em.its
35,9.85775627665386,-117.280425004312,-5.59795760543265,6.60593192476608,-52603201.3062374,-52603109.1700618,88
