K,exclus,semcoh,heldout,residual,bound,lbound,em.its
41,9.8747543068509,-122.101589964125,-5.55690935843032,6.75193240711782,-52384380.5853654,-52384266.5511536,112
