K,exclus,semcoh,heldout,residual,bound,lbound,em.its
5,8.76554372182077,-73.4777646013661,-5.96644866865568,8.85228983905456,-55024931.1756837,-55024926.388192,362
