K,exclus,semcoh,heldout,residual,bound,lbound,em.its
21,9.72388561382923,-98.5207778505066,-5.67474939348959,6.91957085201197,-53042133.0021778,-53042087.6220389,45
