K,exclus,semcoh,heldout,residual,bound,lbound,em.its
39,9.86881387544606,-119.235101625391,-5.56796111019309,6.62827104172048,-52391352.8297944,-52391246.1980342,119
