K,exclus,semcoh,heldout,residual,bound,lbound,em.its
26,9.80114174828609,-103.009146731749,-5.62577834280494,6.83551041853217,-52781205.9714447,-52781144.7097429,135
