K,exclus,semcoh,heldout,residual,bound,lbound,em.its
42,9.87174610296545,-116.704423599573,-5.57430303065149,6.4773302823249,-52341787.028965,-52341669.2570836,54
