K,exclus,semcoh,heldout,residual,bound,lbound,em.its
45,9.88835001677802,-120.644111023593,-5.55132983384195,6.5231253263525,-52286193.0646285,-52286063.9406949,99
