K,exclus,semcoh,heldout,residual,bound,lbound,em.its
10,9.41909591846293,-82.8630548555082,-5.79613300404264,7.71929507037809,-53956313.2464226,-53956298.1420101,92
