K,exclus,semcoh,heldout,residual,bound,lbound,em.its
50,9.90889271702584,-126.520306311393,-5.53388494750497,6.48184134658529,-52227650.3275962,-52227501.8498293,118
